{
  "attributes": {
    "num_classes": {
      "long": 3
    },
    "coefficient_matrix": {
      "double": [-0.18763020473687994, 0.0, 0.0, -0.35692668276912976, 0.0, 0.17715735404225275, 0.0, 0.0, 0.0, 0.34713285954314127, 0.0, 0.0],
      "shape": {
        "dimensions": [{
          "name": "",
          "size": 3
        }, {
          "name": "",
          "size": 4
        }]
      },
      "type": "tensor"
    },
    "intercept_vector": {
      "double": [0.0353167872636218, 0.08256629598863244, -0.11788308325225424],
      "shape": {
        "dimensions": [{
          "name": "",
          "size": 3
        }]
      },
      "type": "tensor"
    }
  },
  "op": "logistic_regression"
}