{
  "attributes": {
    "mean": {
      "double": [3.758, 1.1993333333333336, 5.843333333333333, 3.0573333333333315],
      "shape": {
        "dimensions": [{
          "name": "",
          "size": 4
        }]
      },
      "type": "tensor"
    },
    "std": {
      "double": [1.7652982332594664, 0.7622376689603467, 0.8280661279778637, 0.4358662849366979],
      "shape": {
        "dimensions": [{
          "name": "",
          "size": 4
        }]
      },
      "type": "tensor"
    }
  },
  "op": "standard_scaler"
}